,Date,Country,Confirmed,Deaths,Recovered,Active,New Cases,New Recovered,New Deaths
41317,2020-01-23,India,0,0,0,0,0,0,0
41318,2020-01-24,India,0,0,0,0,0,0,0
41319,2020-01-25,India,0,0,0,0,0,0,0
41320,2020-01-26,India,0,0,0,0,0,0,0
41321,2020-01-27,India,0,0,0,0,0,0,0
41322,2020-01-28,India,0,0,0,0,0,0,0
41323,2020-01-29,India,0,0,0,0,0,0,0
41324,2020-01-30,India,1,0,0,1,1,0,0
41325,2020-01-31,India,1,0,0,1,0,0,0
41326,2020-02-01,India,1,0,0,1,0,0,0
41327,2020-02-02,India,2,0,0,2,1,0,0
41328,2020-02-03,India,3,0,0,3,1,0,0
41329,2020-02-04,India,3,0,0,3,0,0,0
41330,2020-02-05,India,3,0,0,3,0,0,0
41331,2020-02-06,India,3,0,0,3,0,0,0
41332,2020-02-07,India,3,0,0,3,0,0,0
41333,2020-02-08,India,3,0,0,3,0,0,0
41334,2020-02-09,India,3,0,0,3,0,0,0
41335,2020-02-10,India,3,0,0,3,0,0,0
41336,2020-02-11,India,3,0,0,3,0,0,0
41337,2020-02-12,India,3,0,0,3,0,0,0
41338,2020-02-13,India,3,0,0,3,0,0,0
41339,2020-02-14,India,3,0,0,3,0,0,0
41340,2020-02-15,India,3,0,0,3,0,1,0
41341,2020-02-16,India,3,0,3,0,0,3,0
41342,2020-02-17,India,3,0,3,0,0,0,0
41343,2020-02-18,India,3,0,3,0,0,0,0
41344,2020-02-19,India,3,0,3,0,0,0,0
41345,2020-02-20,India,3,0,3,0,0,0,0
41346,2020-02-21,India,3,0,3,0,0,0,0
41347,2020-02-22,India,3,0,3,0,0,0,0
41348,2020-02-23,India,3,0,3,0,0,0,0
41349,2020-02-24,India,3,0,3,0,0,0,0
41350,2020-02-25,India,3,0,3,0,0,0,0
41351,2020-02-26,India,3,0,3,0,0,0,0
41352,2020-02-27,India,3,0,3,0,0,0,0
41353,2020-02-28,India,3,0,3,0,0,0,0
41354,2020-02-29,India,3,0,3,0,0,0,0
41355,2020-03-01,India,3,0,3,0,0,0,0
41356,2020-03-02,India,5,0,3,2,2,0,0
41357,2020-03-03,India,5,0,3,2,0,0,0
41358,2020-03-04,India,28,0,3,25,23,0,0
41359,2020-03-05,India,30,0,3,27,2,0,0
41360,2020-03-06,India,31,0,3,28,1,0,0
41361,2020-03-07,India,34,0,3,31,3,0,0
41362,2020-03-08,India,39,0,3,36,5,0,0
41363,2020-03-09,India,43,0,3,40,4,0,0
41364,2020-03-10,India,56,0,4,52,13,1,0
41365,2020-03-11,India,62,1,4,57,6,0,1
41366,2020-03-12,India,73,1,4,68,11,0,0
41367,2020-03-13,India,82,2,4,76,9,0,1
41368,2020-03-14,India,102,2,4,96,20,0,0
41369,2020-03-15,India,113,2,13,98,11,9,0
41370,2020-03-16,India,119,2,13,104,6,0,0
41371,2020-03-17,India,142,3,14,125,23,1,1
41372,2020-03-18,India,156,3,14,139,14,0,0
41373,2020-03-19,India,194,4,15,175,38,1,1
41374,2020-03-20,India,244,5,20,219,50,5,1
41375,2020-03-21,India,330,4,23,303,86,3,-1
41376,2020-03-22,India,396,7,27,362,66,4,3
41377,2020-03-23,India,499,10,27,462,103,0,3
41378,2020-03-24,India,536,10,40,486,37,13,0
41379,2020-03-25,India,657,12,43,602,121,3,2
41380,2020-03-26,India,727,20,45,662,70,2,8
41381,2020-03-27,India,887,20,73,794,160,28,0
41382,2020-03-28,India,987,24,84,879,100,11,4
41383,2020-03-29,India,1024,27,95,902,37,11,3
41384,2020-03-30,India,1251,32,102,1117,227,7,5
41385,2020-03-31,India,1397,35,123,1239,146,21,3
41386,2020-04-01,India,1998,58,148,1792,601,25,23
41387,2020-04-02,India,2543,72,191,2280,545,43,14
41388,2020-04-03,India,2567,72,192,2303,24,1,0
41389,2020-04-04,India,3082,86,229,2767,515,37,14
41390,2020-04-05,India,3588,99,229,3260,506,0,13
41391,2020-04-06,India,4778,136,375,4267,1190,146,37
41392,2020-04-07,India,5311,150,421,4740,533,46,14
41393,2020-04-08,India,5916,178,506,5232,605,85,28
41394,2020-04-09,India,6725,226,620,5879,809,114,48
41395,2020-04-10,India,7598,246,774,6578,873,154,20
41396,2020-04-11,India,8446,288,969,7189,848,195,42
41397,2020-04-12,India,9205,331,1080,7794,759,111,43
41398,2020-04-13,India,10453,358,1181,8914,1248,101,27
41399,2020-04-14,India,11487,393,1359,9735,1034,178,35
41400,2020-04-15,India,12322,405,1432,10485,835,73,12
41401,2020-04-16,India,13430,448,1768,11214,1108,336,43
41402,2020-04-17,India,14352,486,2041,11825,922,273,38
41403,2020-04-18,India,15722,521,2463,12738,1370,422,35
41404,2020-04-19,India,17615,559,2854,14202,1893,391,38
41405,2020-04-20,India,18539,592,3273,14674,924,419,33
41406,2020-04-21,India,20080,645,3975,15460,1541,702,53
41407,2020-04-22,India,21370,681,4370,16319,1290,395,36
41408,2020-04-23,India,23077,721,5012,17344,1707,642,40
41409,2020-04-24,India,24530,780,5498,18252,1453,486,59
41410,2020-04-25,India,26283,825,5939,19519,1753,441,45
41411,2020-04-26,India,27890,881,6523,20486,1607,584,56
41412,2020-04-27,India,29451,939,7137,21375,1561,614,58
41413,2020-04-28,India,31324,1008,7747,22569,1873,610,69
41414,2020-04-29,India,33062,1079,8437,23546,1738,690,71
41415,2020-04-30,India,34863,1154,9068,24641,1801,631,75
41416,2020-05-01,India,37257,1223,10007,26027,2394,939,69
41417,2020-05-02,India,39699,1323,10819,27557,2442,812,100
41418,2020-05-03,India,42505,1391,11775,29339,2806,956,68
41419,2020-05-04,India,46437,1566,12847,32024,3932,1072,175
41420,2020-05-05,India,49400,1693,14142,33565,2963,1295,127
41421,2020-05-06,India,52987,1785,15331,35871,3587,1189,92
41422,2020-05-07,India,56351,1889,16776,37686,3364,1445,104
41423,2020-05-08,India,59695,1985,17887,39823,3344,1111,96
41424,2020-05-09,India,62808,2101,19301,41406,3113,1414,116
41425,2020-05-10,India,67161,2212,20969,43980,4353,1668,111
41426,2020-05-11,India,70768,2294,22549,45925,3607,1580,82
41427,2020-05-12,India,74292,2415,24420,47457,3524,1871,121
41428,2020-05-13,India,78055,2551,26400,49104,3763,1980,136
41429,2020-05-14,India,81997,2649,27969,51379,3942,1569,98
41430,2020-05-15,India,85784,2753,30258,52773,3787,2289,104
41431,2020-05-16,India,90648,2871,34224,53553,4864,3966,118
41432,2020-05-17,India,95698,3025,36795,55878,5050,2571,154
41433,2020-05-18,India,100328,3156,39233,57939,4630,2438,131
41434,2020-05-19,India,106475,3302,42309,60864,6147,3076,146
41435,2020-05-20,India,112028,3434,45422,63172,5553,3113,132
41436,2020-05-21,India,118226,3584,48553,66089,6198,3131,150
41437,2020-05-22,India,124794,3726,51824,69244,6568,3271,142
41438,2020-05-23,India,131423,3868,54385,73170,6629,2561,142
41439,2020-05-24,India,138536,4024,57692,76820,7113,3307,156
41440,2020-05-25,India,144950,4172,60706,80072,6414,3014,148
41441,2020-05-26,India,150793,4344,64277,82172,5843,3571,172
41442,2020-05-27,India,158086,4534,67749,85803,7293,3472,190
41443,2020-05-28,India,165386,4711,70920,89755,7300,3171,177
41444,2020-05-29,India,173491,4980,82627,85884,8105,11707,269
41445,2020-05-30,India,181827,5185,86936,89706,8336,4309,205
41446,2020-05-31,India,190609,5408,91852,93349,8782,4916,223
41447,2020-06-01,India,198370,5608,95754,97008,7761,3902,200
41448,2020-06-02,India,207191,5829,100285,101077,8821,4531,221
41449,2020-06-03,India,216824,6088,104071,106665,9633,3786,259
41450,2020-06-04,India,226713,6363,108450,111900,9889,4379,275
41451,2020-06-05,India,236184,6649,113233,116302,9471,4783,286
41452,2020-06-06,India,246622,6946,118695,120981,10438,5462,297
41453,2020-06-07,India,257486,7207,123848,126431,10864,5153,261
41454,2020-06-08,India,265928,7473,129095,129360,8442,5247,266
41455,2020-06-09,India,276146,7750,134670,133726,10218,5575,277
41456,2020-06-10,India,286605,8102,135206,143297,10459,536,352
41457,2020-06-11,India,297535,8498,147195,141842,10930,11989,396
41458,2020-06-12,India,308993,8884,154330,145779,11458,7135,386
41459,2020-06-13,India,320922,9195,162379,149348,11929,8049,311
41460,2020-06-14,India,332424,9520,169798,153106,11502,7419,325
41461,2020-06-15,India,343091,9900,180013,153178,10667,10215,380
41462,2020-06-16,India,354065,11903,186935,155227,10974,6922,2003
41463,2020-06-17,India,366946,12237,194325,160384,12881,7390,334
41464,2020-06-18,India,380532,12573,204711,163248,13586,10386,336
41465,2020-06-19,India,395048,12948,213831,168269,14516,9120,375
41466,2020-06-20,India,410451,13254,227728,169469,15403,13897,306
41467,2020-06-21,India,425282,13699,237196,174387,14831,9468,445
41468,2020-06-22,India,440215,14011,248190,178014,14933,10994,312
41469,2020-06-23,India,456183,14476,258685,183022,15968,10495,465
41470,2020-06-24,India,473105,14894,271697,186514,16922,13012,418
41471,2020-06-25,India,490401,15301,285637,189463,17296,13940,407
41472,2020-06-26,India,508953,15685,295881,197387,18552,10244,384
41473,2020-06-27,India,528859,16095,309713,203051,19906,13832,410
41474,2020-06-28,India,548318,16475,321723,210120,19459,12010,380
41475,2020-06-29,India,566840,16893,334822,215125,18522,13099,418
41476,2020-06-30,India,585481,17400,347912,220169,18641,13090,507
41477,2020-07-01,India,604641,17834,359860,226947,19160,11948,434
41478,2020-07-02,India,625544,18213,379892,227439,20903,20032,379
41479,2020-07-03,India,648315,18655,394227,235433,22771,14335,442
41480,2020-07-04,India,673165,19268,409083,244814,24850,14856,613
41481,2020-07-05,India,697413,19693,424433,253287,24248,15350,425
41482,2020-07-06,India,719664,20159,439934,259571,22251,15501,466
41483,2020-07-07,India,742417,20642,456831,264944,22753,16897,483
41484,2020-07-08,India,767296,21129,476378,269789,24879,19547,487
41485,2020-07-09,India,793802,21604,495513,276685,26506,19135,475
41486,2020-07-10,India,820916,22123,515386,283407,27114,19873,519
41487,2020-07-11,India,849522,22673,534618,292231,28606,19232,550
41488,2020-07-12,India,878254,23174,553471,301609,28732,18853,501
41489,2020-07-13,India,906752,23727,571460,311565,28498,17989,553
41490,2020-07-14,India,936181,24309,592032,319840,29429,20572,582
41491,2020-07-15,India,968857,24914,612768,331175,32676,20736,605
41492,2020-07-16,India,1003832,25602,635757,342473,34975,22989,688
41493,2020-07-17,India,1039084,26273,653751,359060,35252,17994,671
41494,2020-07-18,India,1077781,26816,677423,373542,38697,23672,543
41495,2020-07-19,India,1118206,27497,700087,390622,40425,22664,681
41496,2020-07-20,India,1155338,28082,724578,402678,37132,24491,585
41497,2020-07-21,India,1193078,28732,753050,411296,37740,28472,650
41498,2020-07-22,India,1238798,29861,782607,426330,45720,29557,1129
41499,2020-07-23,India,1288108,30601,817209,440298,49310,34602,740
41500,2020-07-24,India,1337024,31358,849432,456234,48916,32223,757
41501,2020-07-25,India,1385635,32060,885573,468002,48611,36141,702
41502,2020-07-26,India,1435616,32771,917568,485277,49981,31995,711
41503,2020-07-27,India,1480073,33408,951166,495499,44457,33598,637
41504,2020-07-28,India,1531669,34193,988029,509447,51596,36863,785
41505,2020-07-29,India,1581963,34955,1019735,527273,50294,31706,762
41506,2020-07-30,India,1634746,35718,1055348,543680,52783,35613,763
41507,2020-07-31,India,1695988,36511,1094374,565103,61242,39026,793
41508,2020-08-01,India,1750723,37364,1145629,567730,54735,51255,853
41509,2020-08-02,India,1803695,38135,1186203,579357,52972,40574,771
41510,2020-08-03,India,1855745,38938,1230509,586298,52050,44306,803
41511,2020-08-04,India,1908254,39795,1282215,586244,52509,51706,857
41512,2020-08-05,India,1964536,40699,1328336,595501,56282,46121,904
41513,2020-08-06,India,2027074,41585,1378105,607384,62538,49769,886
41514,2020-08-07,India,2088611,42518,1427005,619088,61537,48900,933
41515,2020-08-08,India,2153010,43379,1480884,628747,64399,53879,861
41516,2020-08-09,India,2215074,44386,1535743,634945,62064,54859,1007
41517,2020-08-10,India,2268675,45257,1583489,639929,53601,47746,871
41518,2020-08-11,India,2329638,46091,1639599,643948,60963,56110,834
41519,2020-08-12,India,2396637,47033,1695982,653622,66999,56383,942
41520,2020-08-13,India,2461190,48040,1751555,661595,64553,55573,1007
41521,2020-08-14,India,2525922,49036,1808936,667950,64732,57381,996
41522,2020-08-15,India,2589952,49980,1862258,677714,64030,53322,944
41523,2020-08-16,India,2647663,50921,1919842,676900,57711,57584,941
41524,2020-08-17,India,2702681,51797,1977671,673213,55018,57829,876
41525,2020-08-18,India,2767253,52888,2037816,676549,64572,60145,1091
41526,2020-08-19,India,2836925,53866,2096664,686395,69672,58848,978
41527,2020-08-20,India,2905825,54849,2158946,692030,68900,62282,983
41528,2020-08-21,India,2975701,55794,2222577,697330,69876,63631,945
41529,2020-08-22,India,3044940,56706,2280566,707668,69239,57989,912
41530,2020-08-23,India,3106348,57542,2338035,710771,61408,57469,836
41531,2020-08-24,India,3167323,58390,2404585,704348,60975,66550,848
41532,2020-08-25,India,3224547,59357,2458339,706851,57224,53754,967
41533,2020-08-26,India,3310234,60472,2523771,725991,85687,65432,1115
41534,2020-08-27,India,3387500,61529,2583948,742023,77266,60177,1057
41535,2020-08-28,India,3463972,62550,2648998,752424,76472,65050,1021
41536,2020-08-29,India,3542733,63498,2713933,765302,78761,64935,948
41537,2020-08-30,India,3621245,64469,2774801,781975,78512,60868,971
41538,2020-08-31,India,3691166,65288,2839882,785996,69921,65081,819
41539,2020-09-01,India,3769523,66333,2901908,801282,78357,62026,1045
41540,2020-09-02,India,3853406,67376,2970492,815538,83883,68584,1043
41541,2020-09-03,India,3936747,68472,3037151,831124,83341,66659,1096
41542,2020-09-04,India,4023179,69561,3107223,846395,86432,70072,1089
41543,2020-09-05,India,4113811,70626,3180865,862320,90632,73642,1065
41544,2020-09-06,India,4204613,71642,3250429,882542,90802,69564,1016
41545,2020-09-07,India,4280422,72775,3323950,883697,75809,73521,1133
41546,2020-09-08,India,4370128,73890,3398844,897394,89706,74894,1115
41547,2020-09-09,India,4465863,75062,3471783,919018,95735,72939,1172
41548,2020-09-10,India,4562414,76271,3542663,943480,96551,70880,1209
41549,2020-09-11,India,4659984,77472,3624196,958316,97570,81533,1201
41550,2020-09-12,India,4754356,78586,3702595,973175,94372,78399,1114
41551,2020-09-13,India,4846427,79722,3780107,986598,92071,77512,1136
41552,2020-09-14,India,4930236,80776,3859399,990061,83809,79292,1054
41553,2020-09-15,India,5020359,82066,3942360,995933,90123,82961,1290
41554,2020-09-16,India,5118253,83198,4025079,1009976,97894,82719,1132
41555,2020-09-17,India,5214677,84372,4112551,1017754,96424,87472,1174
41556,2020-09-18,India,5308014,85619,4208431,1013964,93337,95880,1247
41557,2020-09-19,India,5400619,86752,4303043,1010824,92605,94612,1133
41558,2020-09-20,India,5487580,87882,4396399,1003299,86961,93356,1130
41559,2020-09-21,India,5562663,88935,4497867,975861,75083,101468,1053
41560,2020-09-22,India,5646010,90020,4587613,968377,83347,89746,1085
41561,2020-09-23,India,5732518,91149,4674987,966382,86508,87374,1129
41562,2020-09-24,India,5818570,92290,4756164,970116,86052,81177,1141
41563,2020-09-25,India,5903932,93379,4849584,960969,85362,93420,1089
41564,2020-09-26,India,5992532,94503,4941627,956402,88600,92043,1124
41565,2020-09-27,India,6074702,95542,5016520,962640,82170,74893,1039
41566,2020-09-28,India,6145291,96318,5101397,947576,70589,84877,776
41567,2020-09-29,India,6225763,97497,5187825,940441,80472,86428,1179
41568,2020-09-30,India,6312584,98678,5273201,940705,86821,85376,1181
41569,2020-10-01,India,6394068,99773,5352078,942217,81484,78877,1095
41570,2020-10-02,India,6473544,100842,5427706,944996,79476,75628,1069
41571,2020-10-03,India,6549373,101782,5509966,937625,75829,82260,940
41572,2020-10-04,India,6623815,102685,5586703,934427,74442,76737,903
41573,2020-10-05,India,6685082,103569,5662490,919023,61267,75787,884
41574,2020-10-06,India,6757131,104555,5744693,907883,72049,82203,986
41575,2020-10-07,India,6835655,105526,5827704,902425,78524,83011,971
41576,2020-10-08,India,6906151,106490,5906069,893592,70496,78365,964
41577,2020-10-09,India,6979423,107416,5988822,883185,73272,82753,926
41578,2020-10-10,India,7053806,108334,6077976,867496,74383,89154,918
41579,2020-10-11,India,7120538,109150,6149535,861853,66732,71559,816
41580,2020-10-12,India,7175880,109856,6227295,838729,55342,77760,706
41581,2020-10-13,India,7239389,110586,6301927,826876,63509,74632,730
41582,2020-10-14,India,7307097,111266,6383441,812390,67708,81514,680
41583,2020-10-15,India,7370468,112161,6453779,804528,63371,70338,895
41584,2020-10-16,India,7432680,112998,6524595,795087,62212,70816,837
41585,2020-10-17,India,7494551,114031,6597209,783311,61871,72614,1033
41586,2020-10-18,India,7550273,114610,6663608,772055,55722,66399,579
41587,2020-10-19,India,7597063,115197,6733328,748538,46790,69720,587
41588,2020-10-20,India,7651107,115914,6795103,740090,54044,61775,717
41589,2020-10-21,India,7706946,116616,6874518,715812,55839,79415,702
41590,2020-10-22,India,7761312,117306,6948497,695509,54366,73979,690
41591,2020-10-23,India,7814682,117956,7016046,680680,53370,67549,650
41592,2020-10-24,India,7864811,118534,7078123,668154,50129,62077,578
41593,2020-10-25,India,7909959,119014,7137228,653717,45148,59105,480
41594,2020-10-26,India,7946429,119502,7201070,625857,36470,63842,488
41595,2020-10-27,India,7990322,120010,7259509,610803,43893,58439,508
41596,2020-10-28,India,8040203,120527,7315989,603687,49881,56480,517
41597,2020-10-29,India,8088851,121090,7373375,594386,48648,57386,563
41598,2020-10-30,India,8137119,121641,7432829,582649,48268,59454,551
41599,2020-10-31,India,8184082,122111,7491513,570458,46963,58684,470
41600,2020-11-01,India,8229313,122607,7544798,561908,45231,53285,496
41601,2020-11-02,India,8267623,123097,7603121,541405,38310,58323,490
41602,2020-11-03,India,8313876,123611,7656478,533787,46253,53357,514
41603,2020-11-04,India,8364086,124315,7711809,527962,50210,55331,704
41604,2020-11-05,India,8411724,124985,7765966,520773,47638,54157,670
41605,2020-11-06,India,8462080,125562,7819886,516632,50356,53920,577
41606,2020-11-07,India,8507754,126121,7868968,512665,45674,49082,559
41607,2020-11-08,India,8553657,126611,7917373,509673,45903,48405,490
41608,2020-11-09,India,8591730,127059,7959406,505265,38073,42033,448
41609,2020-11-10,India,8636011,127571,8013783,494657,44281,54377,512
41610,2020-11-11,India,8683916,128121,8066501,489294,47905,52718,550
41611,2020-11-12,India,8728795,128668,8115580,484547,44879,49079,547
41612,2020-11-13,India,8773479,129188,8163572,480719,44684,47992,520
41613,2020-11-14,India,8814579,129635,8205728,479216,41100,42156,447
41614,2020-11-15,India,8845127,130070,8249579,465478,30548,43851,435
41615,2020-11-16,India,8874290,130519,8290370,453401,29163,40791,449
41616,2020-11-17,India,8912907,130993,8335109,446805,38617,44739,474
41617,2020-11-18,India,8958483,131578,8383602,443303,45576,48493,585
41618,2020-11-19,India,9004365,132162,8428409,443794,45882,44807,584
41619,2020-11-20,India,9050597,132726,8478124,439747,46232,49715,564
41620,2020-11-21,India,9095806,133227,8521617,440962,45209,43493,501
41621,2020-11-22,India,9139865,133738,8562641,443486,44059,41024,511
41622,2020-11-23,India,9177840,134218,8604955,438667,37975,42314,480
41623,2020-11-24,India,9222216,134699,8642771,444746,44376,37816,481
41624,2020-11-25,India,9266705,135223,8679138,452344,44489,36367,524
41625,2020-11-26,India,9309787,135715,8718517,455555,43082,39379,492
41626,2020-11-27,India,9351109,136200,8759969,454940,41322,41452,485
41627,2020-11-28,India,9392919,136696,8802267,453956,41810,42298,496
41628,2020-11-29,India,9431691,137139,8847600,446952,38772,45333,443
41629,2020-11-30,India,9462809,137621,8889585,435603,31118,41985,482
41630,2020-12-01,India,9499413,138122,8932647,428644,36604,43062,501
41631,2020-12-02,India,9534964,138648,8973373,422943,35551,40726,526
41632,2020-12-03,India,9571559,139188,9016289,416082,36595,42916,540
41633,2020-12-04,India,9608211,139700,9058822,409689,36652,42533,512
41634,2020-12-05,India,9644222,140182,9100792,403248,36011,41970,482
41635,2020-12-06,India,9677203,140573,9139901,396729,32981,39109,391
41636,2020-12-07,India,9703770,140958,9178946,383866,26567,39045,385
41637,2020-12-08,India,9735850,141360,9215581,378909,32080,36635,402
41638,2020-12-09,India,9767371,141772,9253306,372293,31521,37725,412
41639,2020-12-10,India,9796744,142185,9290809,363750,29373,37503,413
41640,2020-12-11,India,9826775,142628,9324328,359819,30031,33519,443
41641,2020-12-12,India,9857029,143019,9357464,356546,30254,33136,391
41642,2020-12-13,India,9884100,143355,9388159,352586,27071,30695,336
41643,2020-12-14,India,9906165,143709,9422636,339820,22065,34477,354
41644,2020-12-15,India,9932547,144096,9456449,332002,26382,33813,387
41645,2020-12-16,India,9956557,144451,9489740,322366,24010,33291,355
41646,2020-12-17,India,9979447,144789,9520827,313831,22890,31087,338
41647,2020-12-18,India,10004599,145136,9550712,308751,25152,29885,347
41648,2020-12-19,India,10031223,145477,9580402,305344,26624,29690,341
41649,2020-12-20,India,10055560,145810,9606111,303639,24337,25709,333
41650,2020-12-21,India,10075116,146111,9636487,292518,19556,30376,301
41651,2020-12-22,India,10099066,146444,9663382,289240,23950,26895,333
41652,2020-12-23,India,10123778,146756,9693173,283849,24712,29791,312
41653,2020-12-24,India,10146845,147092,9717834,281919,23067,24661,336
41654,2020-12-25,India,10169118,147343,9740108,281667,22273,22274,251
41655,2020-12-26,India,10187850,147622,9761538,278690,18732,21430,279
41656,2020-12-27,India,10207871,147901,9782669,277301,20021,21131,279
41657,2020-12-28,India,10224303,148153,9807569,268581,16432,24900,252
41658,2020-12-29,India,10244852,148439,9834141,262272,20549,26572,286
41659,2020-12-30,India,10266674,148738,9860280,257656,21822,26139,299
41660,2020-12-31,India,10266674,148738,9860280,257656,0,0,0
41661,2021-01-01,India,10286709,148994,9883461,254254,20035,23181,256
41662,2021-01-02,India,10323965,149435,9927310,247220,37256,43849,441
41663,2021-01-03,India,10340469,149649,9946867,243953,16504,19557,214
41664,2021-01-04,India,10356844,149850,9975958,231036,16375,29091,201
41665,2021-01-05,India,10374932,150114,9997272,227546,18088,21314,264
41666,2021-01-06,India,10395278,150336,10016859,228083,20346,19587,222
41667,2021-01-07,India,10413417,150570,10037398,225449,18139,20539,234
41668,2021-01-08,India,10413417,150570,10037398,225449,0,0,0
41669,2021-01-09,India,10450284,150999,10075950,223335,36867,38552,429
41670,2021-01-10,India,10466595,151160,10092909,222526,16311,16959,161
41671,2021-01-11,India,10479179,151327,10111294,216558,12584,18385,167
41672,2021-01-12,India,10495147,151529,10129111,214507,15968,17817,202
41673,2021-01-13,India,10512093,151727,10146763,213603,16946,17652,198
41674,2021-01-14,India,10527683,151918,10162738,213027,15590,15975,191
41675,2021-01-15,India,10542841,152093,10179715,211033,15158,16977,175
41676,2021-01-16,India,10557985,152274,10196885,208826,15144,17170,181
41677,2021-01-17,India,10571773,152419,10211342,208012,13788,14457,145
41678,2021-01-18,India,10581823,152556,10228753,200514,10050,17411,137
41679,2021-01-19,India,10595639,152718,10245741,197180,13816,16988,162
41680,2021-01-20,India,10610883,152869,10265706,192308,15244,19965,151
41681,2021-01-21,India,10625428,153032,10283702,188694,14545,17996,163
41682,2021-01-22,India,10639684,153184,10300838,185662,14256,17136,152
41683,2021-01-23,India,10654533,153339,10316786,184408,14849,15948,155
41684,2021-01-24,India,10667736,153470,10330084,184182,13203,13298,131
41685,2021-01-25,India,10676838,153587,10345985,177266,9102,15901,117
41686,2021-01-26,India,10689527,153724,10359305,176498,12689,13320,137
41687,2021-01-27,India,10701193,153847,10373606,173740,11666,14301,123
41688,2021-01-28,India,10720048,154010,10394352,171686,18855,20746,163
41689,2021-01-29,India,10733130,154147,10409146,169837,13082,14794,137
41690,2021-01-30,India,10746174,154274,10423109,168791,13044,13963,127
41691,2021-01-31,India,10757610,154392,10434983,168235,11436,11874,118
41692,2021-02-01,India,10766245,154486,10448406,163353,8635,13423,94
41693,2021-02-02,India,10777284,154596,10462631,160057,11039,14225,110
41694,2021-02-03,India,10790183,154703,10480455,155025,12899,17824,107
41695,2021-02-04,India,10802591,154823,10496308,151460,12408,15853,120
41696,2021-02-05,India,10814304,154918,10510796,148590,11713,14488,95
41697,2021-02-06,India,10826363,154996,10522601,148766,12059,11805,78
41698,2021-02-07,India,10838194,155080,10534505,148609,11831,11904,84
41699,2021-02-08,India,10847304,155158,10548521,143625,9110,14016,78
41700,2021-02-09,India,10858371,155252,10561608,141511,11067,13087,94
41701,2021-02-10,India,10871294,155360,10573372,142562,12923,11764,108
41702,2021-02-11,India,10880603,155447,10589230,135926,9309,15858,87
41703,2021-02-12,India,10892746,155550,10600625,136571,12143,11395,103
41704,2021-02-13,India,10904940,155642,10611731,137567,12194,11106,92
41705,2021-02-14,India,10916589,155732,10621220,139637,11649,9489,90
41706,2021-02-15,India,10925710,155813,10633025,136872,9121,11805,81
41707,2021-02-16,India,10937320,155913,10644858,136549,11610,11833,100
41708,2021-02-17,India,10950201,156014,10656845,137342,12881,11987,101
41709,2021-02-18,India,10963394,156111,10667741,139542,13193,10896,97
41710,2021-02-19,India,10977387,156212,10678048,143127,13993,10307,101
41711,2021-02-20,India,10991651,156302,10689715,145634,14264,11667,90
41712,2021-02-21,India,11005850,156385,10699410,150055,14199,9695,83
41713,2021-02-22,India,11016434,156463,10712665,147306,10584,13255,78
41714,2021-02-23,India,11030176,156567,10726702,146907,13742,14037,104
41715,2021-02-24,India,11046914,156705,10738501,151708,16738,11799,138
41716,2021-02-25,India,11063491,156825,10750680,155986,16577,12179,120
41717,2021-02-26,India,11079979,156938,10763451,159590,16488,12771,113
41718,2021-02-27,India,11096731,157051,10775169,164511,16752,11718,113
41719,2021-02-28,India,11112241,157157,10786452,168632,15510,11283,106
41720,2021-03-01,India,11124527,157248,10798921,168358,12286,12469,91
41721,2021-03-02,India,11139516,157346,10812044,170126,14989,13123,98
41722,2021-03-03,India,11156923,157435,10826075,173413,17407,14031,89
41723,2021-03-04,India,11173761,157548,10839894,176319,16838,13819,113
41724,2021-03-05,India,11192045,157656,10854126,180263,18284,14232,108
41725,2021-03-06,India,11210799,157756,10868520,184523,18754,14394,100
41726,2021-03-07,India,11229398,157853,10882798,188747,18599,14278,97
41727,2021-03-08,India,11244786,157930,10899394,187462,15388,16596,77
41728,2021-03-09,India,11262707,158063,10920046,184598,17921,20652,133
41729,2021-03-10,India,11285561,158189,10938146,189226,22854,18100,126
41730,2021-03-11,India,11308846,158306,10953303,197237,23285,15157,117
41731,2021-03-12,India,11333728,158446,10973260,202022,24882,19957,140
41732,2021-03-13,India,11359048,158607,10989897,210544,25320,16637,161
41733,2021-03-14,India,11385339,158725,11007352,219262,26291,17455,118
41734,2021-03-15,India,11409831,158856,11027543,223432,24492,20191,131
41735,2021-03-16,India,11438734,159044,11045284,234406,28903,17741,188
41736,2021-03-17,India,11474605,159216,11063025,252364,35871,17741,172
41737,2021-03-18,India,11514331,159370,11083679,271282,39726,20654,154
41738,2021-03-19,India,11555284,159558,11107332,288394,40953,23653,188
41739,2021-03-20,India,11599130,159755,11130288,309087,43846,22956,197
41740,2021-03-21,India,11646081,159967,11151468,334646,46951,21180,212
41741,2021-03-22,India,11686796,160166,11181253,345377,40715,29785,199
41742,2021-03-23,India,11734058,160441,11205160,368457,47262,23907,275
41743,2021-03-24,India,11787534,160692,11231650,395192,53476,26490,251
41744,2021-03-25,India,11846652,160949,11264637,421066,59118,32987,257
41745,2021-03-26,India,11908910,161240,11295023,452647,62258,30386,291
41746,2021-03-27,India,11971624,161552,11323762,486310,62714,28739,312
41747,2021-03-28,India,12039644,161843,11355993,521808,68020,32231,291
41748,2021-03-29,India,12095855,162114,11393021,540720,56211,37028,271
41749,2021-03-30,India,12149335,162468,11434301,552566,53480,41280,354
41750,2021-03-31,India,12221665,162927,11474683,584055,72330,40382,459
41751,2021-04-01,India,12303131,163396,11525039,614696,81466,50356,469
41752,2021-04-02,India,12392260,164110,11569241,658909,89129,44202,714
41753,2021-04-03,India,12485509,164623,11629289,691597,93249,60048,513
41754,2021-04-04,India,12589067,165101,11682136,741830,103558,52847,478
41755,2021-04-05,India,12686049,165547,11732279,788223,96982,50143,446
41756,2021-04-06,India,12801785,166177,11792135,843473,115736,59856,630
41757,2021-04-07,India,12928574,166862,11851393,910319,126789,59258,685
41758,2021-04-08,India,13060542,167642,11913292,979608,131968,61899,780
41759,2021-04-09,India,13205926,168436,11990859,1046631,145384,77567,794
41760,2021-04-10,India,13358805,169275,12081443,1108087,152879,90584,839
41761,2021-04-11,India,13527717,170179,12156529,1201009,168912,75086,904
41762,2021-04-12,India,13689453,171058,12253697,1264698,161736,97168,879
41763,2021-04-13,India,13873825,172085,12336036,1365704,184372,82339,1027
41764,2021-04-14,India,14074564,173123,12429564,1471877,200739,93528,1038
41765,2021-04-15,India,14291917,174308,12547866,1569743,217353,118302,1185
41766,2021-04-16,India,14526609,175649,12671220,1679740,234692,123354,1341
41767,2021-04-17,India,14788003,177150,12809638,1801215,261394,138418,1501
41768,2021-04-18,India,15061805,178769,12953817,1929219,273802,144179,1619
41769,2021-04-19,India,15320972,180530,13108565,2031877,259167,154748,1761
41770,2021-04-20,India,15616130,182553,13276039,2157538,295158,167474,2023
41771,2021-04-21,India,15930774,184657,13454880,2291237,314644,178841,2104
41772,2021-04-22,India,16263695,186920,13648159,2428616,332921,193279,2263
41773,2021-04-23,India,16610481,189544,13867997,2552940,346786,219838,2624
41774,2021-04-24,India,16960172,192311,14085110,2682751,349691,217113,2767
41775,2021-04-25,India,17313163,195123,14304382,2813658,352991,219272,2812
41776,2021-04-26,India,17636186,197894,14556089,2882203,323023,251707,2771
41777,2021-04-27,India,17997113,201187,14817240,2978686,360927,261151,3293
41778,2021-04-28,India,18376421,204832,15086740,3084849,379308,269500,3645
41779,2021-04-29,India,18762976,208330,15384418,3170228,386555,297678,3498
41780,2021-04-30,India,19164969,211853,15684406,3268710,401993,299988,3523
41781,2021-05-01,India,19557457,215542,15992271,3349644,392488,307865,3689
41782,2021-05-02,India,19925517,218959,16292725,3413833,368060,300454,3417
41783,2021-05-03,India,20282833,222408,16613292,3447133,357316,320567,3449
41784,2021-05-04,India,20664979,226188,16951521,3487270,382146,338229,3780
41785,2021-05-05,India,21077410,230168,17280844,3566398,412431,329323,3980
41786,2021-05-06,India,21491598,234083,17612351,3645164,414188,331507,3915
41787,2021-05-07,India,21892676,238270,17930960,3723446,401078,318609,4187
41788,2021-05-08,India,22296081,242347,18317364,3736370,403405,386404,4077
41789,2021-05-09,India,22662575,246116,18671222,3745237,366494,353858,3769
41790,2021-05-10,India,22992517,249992,19027304,3715221,329942,356082,3876
41791,2021-05-11,India,23340938,254197,19382642,3704099,348421,355338,4205
41792,2021-05-12,India,23703665,258317,19734823,3710525,362727,352181,4120
41793,2021-05-13,India,24046809,262317,20079599,3704893,343144,344776,4000
41794,2021-05-14,India,24372907,266207,20432898,3673802,326098,353299,3890
41795,2021-05-15,India,24684077,270284,20795335,3618458,311170,362437,4077
41796,2021-05-16,India,24965463,274390,21174076,3516997,281386,378741,4106
41797,2021-05-17,India,25228996,278719,21596512,3353765,263533,422436,4329
41798,2021-05-18,India,25496330,283248,21986363,3226719,267334,389851,4529
41799,2021-05-19,India,25772440,287122,22355440,3129878,276110,369077,3874
41800,2021-05-20,India,26031991,291331,22712735,3027925,259551,357295,4209
41801,2021-05-21,India,26289290,295525,23070365,2923400,257299,357630,4194
41802,2021-05-22,India,26530132,299266,23425467,2805399,240842,355102,3741
41803,2021-05-23,India,26752447,303720,23728011,2720716,222315,302544,4454
41804,2021-05-24,India,26948874,307231,24054861,2586782,196427,326850,3511
41805,2021-05-25,India,27157795,311388,24350816,2495591,208921,295955,4157
41806,2021-05-26,India,27369093,315235,24633951,2419907,211298,283135,3847
41807,2021-05-27,India,27555457,318895,24893410,2343152,186364,259459,3660
41808,2021-05-28,India,27729247,322512,25178011,2228724,173790,284601,3617
41809,2021-05-29,India,27894800,325972,25454320,2114508,165553,276309,3460
41810,2021-05-30,India,28047534,329100,25692342,2026092,152734,238022,3128
41811,2021-05-31,India,28175044,331895,25947629,1895520,127510,255287,2795
41812,2021-06-01,India,28307832,335102,26179085,1793645,132788,231456,3207
41813,2021-06-02,India,28441986,337989,26390584,1713413,134154,211499,2887
41814,2021-06-03,India,28574350,340702,26597655,1635993,132364,207071,2713
41815,2021-06-04,India,28694879,344082,26795549,1555248,120529,197894,3380
41816,2021-06-05,India,28809339,346759,26984781,1477799,114460,189232,2677
41817,2021-06-06,India,28909975,349186,27159180,1401609,100636,174399,2427
41818,2021-06-07,India,28996473,351309,27341462,1303702,86498,182282,2123
41819,2021-06-08,India,29089069,353528,27504126,1231415,92596,162664,2219
41820,2021-06-09,India,29182532,355705,27655493,1171334,93463,151367,2177
41821,2021-06-10,India,29274823,363079,27790073,1121671,92291,134580,7374
41822,2021-06-11,India,29359155,367081,27911384,1080690,84332,121311,4002
41823,2021-06-12,India,29439989,370384,28043446,1026159,80834,132062,3303
41824,2021-06-13,India,29510410,374305,28162947,973158,70421,119501,3921
41825,2021-06-14,India,29570881,377031,28280472,913378,60471,117525,2726
41826,2021-06-15,India,29633105,379573,28388100,865432,62224,107628,2542
41827,2021-06-16,India,29700313,381903,28491670,826740,67208,103570,2330
41828,2021-06-17,India,29762793,383490,28580647,798656,62480,88977,1587
41829,2021-06-18,India,29823546,385137,28678390,760019,60753,97743,1647
41830,2021-06-19,India,29881772,386708,28765738,729326,58226,87348,1571
41831,2021-06-20,India,29935221,388135,28844199,702887,53449,78461,1427
41832,2021-06-21,India,29977861,389302,28926038,662521,42640,81839,1167
41833,2021-06-22,India,30028709,390660,28994855,643194,50848,68817,1358
41834,2021-06-23,India,30082778,391981,29063740,627057,54069,68885,1321
41835,2021-06-24,India,30134445,393310,29128267,612868,51667,64527,1329
41836,2021-06-25,India,30183143,394493,29193085,595565,48698,64818,1183
41837,2021-06-26,India,30233183,395751,29251029,586403,50040,57944,1258
41838,2021-06-27,India,30279331,396730,29309607,572994,46148,58578,979
41839,2021-06-28,India,30316897,397637,29366601,552659,37566,56994,907
